roi_key,roi_name,mni_x,mni_y,mni_z,n_voxels,n_obs,n_subjects,b_run,b_SA,b_interaction,t_run,t_SA,t_interaction,p_run,p_SA,p_interaction,p_SA_perm,p_interaction_perm,method,rho_run1,rho_run2,rho_run3,rho_run4,q_interaction_fdr,q_SA_fdr
IFG_R,R inferior frontal gyrus,48,24,2,170,132,33,-0.07693898816794248,0.004629294937708106,0.016115248271180025,-1.8513428583030709,0.41625024379273434,1.6200620804789796,0.06642490990052426,0.6779240107684663,0.10768006511569081,0.6699330066993301,0.1531846815318468,ols,0.3142857142857143,0.03896103896103896,0.16190476190476188,0.08917748917748917,0.5835083158350831,0.8374162583741626
HC_L,L hippocampus,-24,-18,-17,171,132,33,-0.0037282822313050197,0.009095945958025035,0.013394907938885994,-0.0684170567602802,0.6237387748678602,1.026950737495204,0.945560406239728,0.5339091287216036,0.30638043413451593,0.5158484151584841,0.39706029397060294,ols,0.03896103896103897,-0.19134199134199134,0.1826839826839827,0.0008658008658008661,0.7638446681647624,0.8169400451259222
HC_R,R hippocampus,25,-19,-15,171,132,33,-0.02948655360867209,0.008979187001569399,0.018686919750746368,-0.6276628211826795,0.7142309587022284,1.6618597971337103,0.5313429971501615,0.4763848261357124,0.09898809280270936,0.5033496650334967,0.19188081191880813,ols,0.056277056277056266,0.007792207792207805,-0.021645021645021637,0.007792207792207798,0.5835083158350831,0.8169400451259222
rACC,Rostral ACC,-3,41,4,171,132,33,-0.0270095329910223,0.02079823911246173,0.03211694659620168,-0.7304919205374505,2.101958677414494,3.6289991221262667,0.46642449025425214,0.03751668072264386,0.0004098324146977165,0.0331966803319668,0.0012998700129987,ols,0.1168831168831169,0.0961038961038961,0.07186147186147186,0.04415584415584416,0.045495450454954504,0.41995800419958
vmPFC,vmPFC,2,45,-15,171,132,33,0.018434033153781237,0.026313628048653028,0.016789713517121593,0.34026403038501607,1.814996009013651,1.2947718098110232,0.7342154716027431,0.07186586995786555,0.19772968450374265,0.09019098090190981,0.11288871112888711,ols,0.13246753246753246,-0.023376623376623374,0.19826839826839823,0.03376623376623377,0.5835083158350831,0.543612305436123
AM_R,R amygdala,23,-3,-18,171,132,33,0.011873611196191751,0.023385844595267182,0.013810338165281993,0.2680468970900434,1.972787398192841,1.3025264322358419,0.7890947006351096,0.05067489318115467,0.1950751650078572,0.047995200479952004,0.18948105189481051,ols,0.032034632034632034,-0.04069264069264068,0.1168831168831169,-0.011255411255411275,0.5835083158350831,0.41995800419958
AM_L,L amygdala,-21,-4,-18,171,132,33,0.012389902967037077,0.005212833284583522,0.027166688299559004,0.2207069099399094,0.34699332950772754,2.0218037457729587,0.825672309071295,0.7291661661044979,0.04528131252005388,0.7463253674632536,0.015998400159984,ols,0.08398268398268398,0.03722943722943723,0.03376623376623377,0.04761904761904762,0.20647935206479354,0.8707129287071292
NAC_L,L nucleus accumbens,-13,11,-8,171,132,33,0.01651496907657965,-0.01271048724614881,0.005385496134492354,0.4087508572033454,-1.1755534383199924,0.5568790782234432,0.6834055653146004,0.2419553272700809,0.57858244379605,0.25677432256774324,0.6015398460153984,ols,0.0406926406926407,-0.15497835497835497,0.045887445887445893,0.021645021645021648,0.809765177328421,0.8169400451259222
NAC_R,R nucleus accumbens,11,10,-7,171,132,33,0.00840194657998031,0.0021027970684635243,0.016216565891624565,0.1533306424444654,0.143398849694914,1.2364091267480393,0.8783790002430316,0.8862006962718447,0.2185704611416229,0.8608139186081392,0.39916008399160086,ols,-0.047619047619047616,-0.0181818181818182,0.15324675324675324,0.03203463203463204,0.7638446681647624,0.8897345559561691
MTG_L,L middle temporal gyrus,-56,-14,-13,171,132,33,-0.03934914348668382,0.011742286028893207,0.004288465339841854,-0.9144847058368617,1.0197485194336269,0.4163871699581093,0.3621816729519125,0.30977127778970603,0.6778240858796774,0.38736126387361264,0.6678332166783322,ols,0.28484848484848485,0.04069264069264071,0.2536796536796536,0.09437229437229436,0.8136082943429794,0.8169400451259222
Prec,Precuneus,-1,-59,41,171,132,33,-0.0447429118260605,0.022251060156233363,0.0029524618167459087,-1.07714722117181,2.001708320297129,0.29695413887041433,0.2834403924659438,0.047430272945057764,0.7669828653725422,0.04459554044595541,0.7055294470552945,ols,0.25194805194805203,0.019913419913419925,0.1670995670995671,0.07705627705627704,0.8231176882311769,0.41995800419958
TPJ_R,R TPJ,54,-55,20,168,132,33,-0.023558024371227657,0.020384992195216965,-0.006604949198625707,-0.5487953407307102,1.7745219004293353,-0.6428287651350096,0.5841019213233614,0.07835411157346572,0.5214850573600641,0.09319068093190681,0.5344465553444655,ols,0.04588744588744589,0.028571428571428553,0.0961038961038961,-0.04069264069264068,0.7937206279372063,0.543612305436123
MTG_R,R middle temporal gyrus,56,-10,-17,171,132,33,-0.05701402024045735,0.008966075856899014,0.0013570215246478346,-1.0413410852277813,0.6119458755183855,0.10355053475234278,0.29968017388197876,0.5416590303279234,0.9176881110626367,0.508049195080492,0.9096090390960904,ols,0.2242424242424242,0.08917748917748919,0.24848484848484848,0.009523809523809523,0.9207079292070793,0.8169400451259222
TP_L,L temporal pole,-48,8,-36,133,132,33,-0.013613100590861363,0.0010255765692031536,-0.005874254883743685,-0.23677517819282626,0.06665710901374465,-0.42686070455666736,0.813209717710934,0.9469586837462949,0.6701979009524043,0.9412058794120588,0.624937506249375,ols,0.1878787878787879,-0.15151515151515152,0.03722943722943723,0.10822510822510824,0.8101041747677085,0.9412058794120589
TP_R,R temporal pole,53,7,-26,171,132,33,-0.022417838915869723,0.009971157116367715,0.002462557950516851,-0.4859853591185993,0.8077449777440177,0.2230335375362987,0.6278084821842843,0.4207359616136517,0.8238649360131449,0.44985501449855014,0.8468153184681532,ols,0.1896103896103896,-0.11861471861471862,0.11688311688311688,0.032034632034632034,0.9207079292070793,0.8169400451259222
FP,Medial frontal pole,1,58,10,171,132,33,0.062435428461519615,-0.005886984671804922,0.012083759893176272,1.3232299677936483,-0.4662259063257245,1.0699428737866972,0.18811772480791647,0.6418462618695118,0.28665848256192916,0.6538346165383462,0.2390760923907609,ols,-0.037229437229437216,-0.15844155844155844,0.09783549783549783,0.040692640692640704,0.5835083158350831,0.8374162583741626
PCC,PCC,-1,-54,23,171,132,33,0.04850380322540857,0.01302878741135937,0.008518730920379015,0.9889141654012609,0.9926269623657964,0.7256245650530853,0.3245708359419909,0.3227645360894187,0.46939357105837176,0.30586941305869414,0.24887511248875113,ols,0.10129870129870129,-0.03376623376623376,0.10129870129870132,0.1341991341991342,0.5835083158350831,0.8169400451259222
dmPFC,dmPFC,-4,53,31,171,132,33,0.03297883324669475,0.008493231790424379,0.023514876939957272,0.8177725112221937,0.7869904516100781,2.4360949042468416,0.41500676083259413,0.43274218824719246,0.016222795324974615,0.46405359464053597,0.0292970702929707,ols,0.056277056277056293,-0.040692640692640704,0.07012987012987013,0.09090909090909091,0.25634936506349365,0.8169400451259222
TPJ_L,L TPJ,-49,-61,27,171,132,33,-0.039889862857063425,0.009939830269757637,0.00509445178682468,-0.6959128848268155,0.647993378633336,0.3713163413422897,0.48774503646699985,0.5181498959228695,0.7110158197198247,0.5368463153684632,0.5669433056694331,ols,0.2952380952380952,0.025108225108225097,0.29523809523809524,0.12034632034632034,0.7937206279372063,0.8169400451259222
MT_V5_L,L MT/V5,-50,-66,5,171,132,33,0.01563894672648422,0.01841328504596041,-0.0036537518253893495,0.37529093770407657,1.6511674505048815,-0.36631431818327626,0.7080652620016037,0.10115579418627403,0.7147353216713555,0.1638836116388361,0.6741325867413258,ols,0.20346320346320343,-0.03203463203463203,0.30735930735930733,0.12554112554112554,0.8136082943429794,0.7747350264973503
MT_V5_R,R MT/V5,50,-66,6,171,132,33,0.04260060144757312,0.0035315478903251533,0.009277794649957429,1.0334647681970235,0.32014322113634197,0.9403271435537333,0.3033351039812935,0.7493817626462862,0.34882095253657863,0.7382261773822618,0.40085991400859916,ols,0.06666666666666665,0.014718614718614716,0.10822510822510822,0.1411255411255411,0.7638446681647624,0.8707129287071292
FG_L,L fusiform gyrus,-42,-62,-16,171,132,33,-0.04704952059939356,-0.012860842114381361,0.020789211955674774,-0.7294628346368833,-0.745103561440971,1.3466051348553634,0.4670513508040076,0.4575750641942512,0.1804870390618166,0.5197480251974802,0.1451854814518548,ols,0.16190476190476188,-0.03376623376623378,0.19134199134199137,0.05454545454545454,0.5835083158350831,0.8169400451259222
FG_R,R fusiform gyrus,43,-57,-19,171,132,33,0.03617128617598725,0.014668977456716328,0.011136684439607428,0.875289178773483,1.3264372638001258,1.1258947484313073,0.3830560800203139,0.18705668973209183,0.2623166303979686,0.1770822917708229,0.2221777822217778,ols,0.03896103896103897,-0.03896103896103896,0.08917748917748917,0.09783549783549782,0.5835083158350831,0.7747350264973503
pSTS_L,L pSTS,-56,-39,2,171,132,33,-0.05124258747002584,0.009956224612608379,0.006895157818465926,-0.9478274636783767,0.688164378242804,0.5328398776958054,0.34500330308165783,0.49259453462565417,0.5950682891345344,0.507949205079492,0.5626437356264373,ols,0.3090909090909091,0.10995670995670995,0.14458874458874457,0.19480519480519481,0.7937206279372063,0.8169400451259222
pSTS_R,R pSTS,54,-39,0,171,132,33,-0.005484984530186018,0.0054114635981468776,0.015123298056504945,-0.10645373503255277,0.39246370849594436,1.2262704978205756,0.9153890212460671,0.6953683825330004,0.22234802262044287,0.668933106689331,0.21907809219078092,ols,0.20692640692640696,0.15151515151515152,0.21212121212121213,0.14805194805194807,0.5835083158350831,0.8374162583741626
SMA_L,L SMA,-41,6,45,171,132,33,-0.030852861927130826,-0.0021019892540462453,0.006803801729357801,-0.7739837089848551,-0.1970453183229614,0.7130866157855857,0.4403676225862102,0.8441046156940831,0.4770901850099105,0.8616138386161384,0.46355364463553644,ols,0.24848484848484848,0.023376623376623377,0.1896103896103896,0.09610389610389607,0.7937206279372063,0.8897345559561691
AI_L,L anterior insula,-34,19,0,171,132,33,-0.06528487480940007,-0.005816548597912068,0.024899721591001678,-1.5566249572607114,-0.5182460967582577,2.4803911692731164,0.12202866172820025,0.6051812509209576,0.014422137378719356,0.5912408759124088,0.017698230176982303,ols,0.33679653679653676,0.04242424242424245,0.27792207792207796,0.0787878787878788,0.20647935206479354,0.8354364563543645
SMG_R,R supramarginal gyrus,54,-30,38,171,132,33,-0.06613324168962505,0.008049781041579003,-0.008091943543895008,-1.2018562120048752,0.5466584102078639,-0.6143838868498239,0.23163810512752925,0.5855651252461416,0.5400522031454844,0.5967403259674032,0.5027497250274973,ols,0.3887445887445887,0.06320346320346319,0.2623376623376623,0.13419913419913418,0.7937206279372063,0.8354364563543645
Cereb_R,R cerebellum,28,-70,-30,171,132,33,0.018224323132014504,-0.0018856884889090818,-0.0010282362830953907,0.46652503018998165,-0.1803818171571432,-0.10996911724606973,0.6416327689574097,0.8571381038468616,0.9126060950595827,0.8643135686431357,0.9207079292070793,ols,0.07878787878787878,0.09610389610389611,0.20692640692640693,0.08744588744588744,0.9207079292070793,0.8897345559561691
Cereb_L,L cerebellum,-21,-66,-35,171,132,33,0.05207462177986091,0.002599009257115173,0.007997577255074268,0.9220431601484189,0.17196189321285082,0.5916131817318709,0.35824074107382975,0.8637390688699679,0.5551530756765032,0.8580141985801419,0.5109489051094891,ols,0.22424242424242424,-0.16017316017316016,0.25021645021645017,0.18095238095238095,0.7937206279372063,0.8897345559561691
AI_R,R anterior insula,38,18,-3,171,132,33,-0.05827184199769067,0.011200653843377335,0.015514042055774922,-1.3490775838440552,0.9689934031934827,1.5005739948055452,0.17969372348904827,0.3343758870010982,0.1359284534925713,0.29487051294870514,0.12958704129587043,ols,0.22424242424242424,0.042424242424242406,0.22597402597402594,-0.014718614718614726,0.5835083158350831,0.8169400451259222
SMG_L,L supramarginal gyrus,-41,-41,42,171,132,33,-0.03023667164963708,0.012270074570060935,-0.0014661378256643496,-0.6500875530556397,0.985789832402919,-0.13169428760459034,0.5168007238942627,0.3260959932222468,0.8954328823221911,0.40275972402759724,0.875012498750125,ols,0.28658008658008655,-0.10995670995670996,0.25021645021645017,0.03722943722943726,0.9207079292070793,0.8169400451259222
SMA_R,R SMA,48,6,35,171,132,33,-0.057020839601052226,0.0231183761163854,-0.0036941826703474436,-1.2940974126390072,1.9606043029496465,-0.3502724657301205,0.1979617982681622,0.05209699357412099,0.7267099622351928,0.019698030196980302,0.7579242075792421,ols,0.1341991341991342,0.09956709956709957,0.17922077922077922,-0.04415584415584415,0.8557208795249508,0.41995800419958
IFG_L,L inferior frontal gyrus,-45,27,-3,171,132,33,0.06692599856512449,0.012557875714884046,0.006930531280459801,1.2334107570824693,0.8648251638322971,0.5336219331053985,0.21968273653067358,0.38875264578363944,0.5945285630627396,0.45265473452654736,0.4146585341465853,ols,0.1497835497835498,-0.02857142857142858,0.19826839826839826,0.21212121212121213,0.7638446681647624,0.8169400451259222
aMCC,Anterior MCC,1,25,30,171,132,33,-0.03439094256876765,0.015566022071794071,0.013448195328938041,-0.7202059479364219,1.2181184803680847,1.1766055836403828,0.4727113218550717,0.22541952224997855,0.2415364422463202,0.2602739726027397,0.25007499250074994,ols,0.20692640692640696,0.08225108225108226,0.1930735930735931,0.07705627705627704,0.5835083158350831,0.8169400451259222
